row_index,price,days_on_shelf,rating_score,review_count,is_brand,shop_level,shop_followers,shop_good_rate,ad_spend,impressions,ctr,category_competition,is_campaign,category_avg_price,sales_count,y_pred
1500,274,23,3.828055164264725,4600,0,1,44547,0.9072563747021988,863,6693,0.1675466760095678,3057,0,341,,1136.05401301561
1501,144,234,4.141018305891183,983,0,1,85699,0.8909584773048309,6257,859994,0.0684059873403917,996,0,142,,2365.485113171877
1502,129,114,3.0012846073997475,1242,1,3,79606,0.8893434594559011,4820,30136,0.1176305966321966,761,0,352,,1509.6349659742739
1503,174,74,4.289746229355725,2649,0,2,26794,0.7620111998788089,5304,115330,0.0541082210874929,1407,1,323,,1286.9584632385345
1504,306,7,4.436351584255873,147,0,1,19575,0.8738039783153828,19969,725133,0.0342174855328342,3272,0,208,,1683.926992085856
1505,136,324,4.134218730977585,1820,1,4,90291,0.8876615048754855,13621,622090,0.1360875273713103,1853,0,225,,2520.20239515466
1506,458,305,3.993117634087232,972,0,3,58961,0.8711215949935334,11027,978482,0.0354804433365033,3293,0,467,,2028.1404977132354
1507,250,296,4.619872947423417,2412,1,5,84888,0.7558487401827035,3577,567719,0.1585760231491718,4405,1,414,,2380.6042414177746
1508,434,22,4.362745434330484,4073,0,3,92221,0.9169181791224128,16822,417708,0.0616333642626755,1705,1,297,,2457.944847452302
1509,347,128,3.556148079440046,4620,0,3,42506,0.7219729485749533,12895,669128,0.1655175446705055,4640,0,374,,1956.0683967447865
1510,180,354,4.918146676159972,1060,0,5,4668,0.8773600035458866,10296,762265,0.0800158691341811,2584,1,167,,1857.1629014896478
1511,129,211,4.414534388390681,2724,1,1,90909,0.830877799720394,9319,671385,0.0800800926021671,4021,0,314,,2382.825737703049
1512,377,47,4.975877857824849,2372,0,2,58399,0.7750859779399221,11051,371221,0.152608824527772,346,1,350,,2010.577600511395
1513,178,52,4.942522632537736,2075,0,4,12131,0.9422166967078416,16793,959508,0.1069504971807395,1414,0,174,,2168.2253939100215
1514,138,96,4.83781944562018,3163,1,2,53026,0.7527677700016552,14402,302311,0.048185711017876,4657,1,126,,2037.6523716306208
1515,466,354,4.510743082450615,4947,0,5,2895,0.9798945279693854,9699,347182,0.1715776241301526,4440,0,329,,1248.736212169645
1516,251,62,4.218858736993935,2026,0,2,29050,0.965369508496356,13352,278483,0.0746291097547943,2876,0,566,,1296.7436571133512
1517,43,329,3.344341327365848,326,0,3,34851,0.8081762641486249,18596,300467,0.0295275845592962,212,1,293,,1699.3886167843098
1518,257,247,4.086702834847515,4579,0,5,45489,0.7915458792575779,6524,213779,0.0890401985353467,345,1,543,,1693.2087935572383
1519,241,336,4.530753044788654,4660,0,2,56587,0.7412460050256706,18009,581644,0.119052735002239,2142,0,515,,2156.607866564419
1520,434,301,4.041714317411135,1611,1,5,83955,0.9748983447801868,12135,729032,0.1258782134484285,4495,0,454,,2278.248838639814
1521,361,121,4.736478256811315,2508,0,1,35209,0.8882595576469816,3705,429989,0.1687654906077258,1919,0,539,,1393.4049731230161
1522,111,302,3.2193117983833965,4312,0,2,73559,0.7095350746430209,19339,922879,0.1128672965207601,4426,0,264,,2664.7053471793024
1523,92,62,3.761880696097269,2518,1,3,94212,0.8532998243684831,13723,474280,0.0525049917827965,2699,1,462,,2510.4417650585574
1524,309,106,4.011928837187314,2405,0,3,74876,0.7257396843488161,7718,467534,0.0597166028398225,717,1,112,,2145.41104627985
1525,42,78,3.864650591738216,4609,1,5,25545,0.8721252054858525,4292,70207,0.0291597117759365,2825,0,212,,1252.5441968385676
1526,173,49,3.217173095643106,4144,0,5,67805,0.8526885154962437,18315,903623,0.1498256149548897,1853,0,352,,2698.9146994595853
1527,86,33,3.307056588089261,2536,1,4,28193,0.7248538136508166,16466,149093,0.030128893834954,1165,1,51,,1679.5807880866553
1528,29,69,4.675234585710975,807,1,4,47843,0.9447581779350318,890,165251,0.1251044001322111,3391,1,466,,1579.4453730897098
1529,461,44,3.968768518402902,2192,0,2,63519,0.7786951531498832,12714,935439,0.1234200048688565,1062,0,557,,2232.1973054524806
1530,63,139,3.097444853505455,3382,1,5,29393,0.8624453092500097,2292,520018,0.1592456758253179,4532,1,90,,1889.0204331797725
1531,24,26,3.0329825179553,1362,0,4,486,0.8917116629891603,5882,69223,0.02417964294023,4027,0,595,,633.2734646266499
1532,467,23,3.946950803988653,2686,1,1,83732,0.98869136007255,11360,442361,0.0485531552671225,3921,0,80,,1959.2430552627818
1533,110,361,3.328757451848888,3294,0,5,72782,0.8481435078639538,4982,590555,0.1828168516343963,427,0,102,,2237.771445616209
1534,411,32,4.410251891998444,425,1,2,12401,0.975194731686377,10249,11079,0.1187249975977823,4805,0,464,,734.1265434535094
1535,35,27,4.590646925055503,2848,1,3,37809,0.8064572024043096,8591,754820,0.0969611404909149,2491,1,420,,2290.2634089096914
1536,93,11,3.4565934169142114,3687,1,3,26243,0.9572311604949983,11629,668851,0.1520584904378335,3678,1,563,,2086.5724426219995
1537,73,49,4.184353889763561,1071,0,5,97777,0.770747868085425,16014,12851,0.1814807857069401,998,0,272,,2095.8883772839545
1538,359,193,3.308889286970772,2742,1,2,94186,0.9122439287306252,3103,618839,0.0599718310204143,3851,0,356,,2035.4238952264643
1539,317,302,3.607165303188774,3547,1,2,69172,0.7265835981264989,15923,223525,0.1812803694741552,1631,1,114,,2137.7939656794497
1540,248,268,4.777590988362867,221,1,1,44133,0.9958151070050978,4447,734685,0.0306519789477431,3550,1,424,,1849.926099287877
1541,135,212,4.088196182964621,3220,1,2,5316,0.9861809199587104,667,377694,0.1957597790686768,1422,1,598,,1385.8534899438466
1542,62,31,4.7717773902884,1298,0,1,24767,0.8326640915552133,8928,202940,0.0413218467689259,4665,1,370,,1358.291301958957
1543,293,282,3.450495608359014,1986,1,3,9353,0.8571805653970761,6045,507310,0.0605849100344358,3557,0,561,,1115.9517396040233
1544,130,14,3.660048686497332,3240,1,5,78970,0.8793324586954067,3690,443598,0.0283528486174118,2288,1,254,,2223.4656513680206
1545,303,230,3.9419042769136334,22,0,3,8907,0.782511267906901,8457,342253,0.1626985363084541,2307,1,590,,1201.4086940269626
1546,349,149,3.9601601503890858,83,1,5,67783,0.9023414305615488,17377,878553,0.197004091787919,51,1,335,,2727.1690552888845
1547,427,322,4.995295934367401,2232,1,5,95266,0.9095685839813548,11711,649350,0.0664255366282559,1532,0,112,,2475.516452183204
1548,257,112,3.22889063794226,4748,0,1,30862,0.8575229476975826,14556,487919,0.0718662724763408,3956,0,236,,1630.8687206689044
1549,22,233,4.703930071203182,30,0,3,68436,0.7443222077455652,2990,227171,0.0630061816422004,4165,0,310,,1509.2234955146214
1550,154,161,4.72736407884374,3943,0,3,87923,0.97575578316748,1516,569114,0.0394173390408357,4998,0,68,,2180.4258903481355
1551,429,191,4.106397263075575,374,0,2,42817,0.7345135247036846,6705,26457,0.1596144011803516,474,1,540,,1169.47135244282
1552,275,342,3.688074336518308,2444,1,5,44939,0.8887516506131534,15488,884871,0.0215367696017332,1291,0,166,,2224.9108864036143
1553,317,260,4.038452208576592,2153,1,2,20128,0.7309265789829265,17711,2569,0.1938770847901137,3843,0,414,,1131.167611765737
1554,239,151,3.584935409613128,2340,1,1,42808,0.7438302127398767,2034,699141,0.1861899496567192,1838,0,554,,1730.373641749294
1555,98,163,4.598214896879879,409,1,3,87376,0.7061614942086487,9530,346166,0.0325034262040068,1279,1,277,,2208.686538943844
1556,450,257,3.99655831742066,3767,0,2,66368,0.8090092251570278,7930,719387,0.1106095317299916,1442,0,377,,2034.1092450481647
1557,391,126,4.851684357754901,1378,1,2,20235,0.8918747693266114,14882,362301,0.198641758142424,4594,1,324,,1652.6623666663681
1558,497,62,4.245382688712088,3855,1,3,52701,0.8564632659198615,4110,27125,0.171997657319201,4296,0,465,,1224.7617249314555
1559,430,171,4.028638666229367,3277,0,4,70697,0.9023617453745456,9695,948655,0.1458754079321263,77,0,52,,2526.7550924721227
1560,159,25,4.4221387079553045,2756,0,2,7826,0.9025056582612858,16996,766226,0.0142675796337713,4210,1,234,,1950.292138281918
1561,142,62,4.007865928860468,1543,1,2,76356,0.7420521231982715,9299,45735,0.0229917146199658,2805,0,378,,1511.1680009965262
1562,139,154,4.809012700838895,3261,1,1,20204,0.7172012210265146,15625,33843,0.1608632487041115,4230,0,82,,1356.9758081617422
1563,461,290,3.368891921773683,4988,1,2,29536,0.887607442130401,12438,530534,0.081524522296284,3130,1,520,,1744.9511525414468
1564,287,285,4.946697367491812,4615,0,3,41692,0.8959672914925728,11948,956633,0.137002056717219,3457,0,390,,2321.859232989743
1565,238,95,4.624381103702384,4581,0,4,50540,0.8670111205425113,5187,578235,0.1504445091382,2907,0,31,,2053.5092390663945
1566,484,154,4.721466723729739,1098,0,2,91609,0.7737287398972212,19849,11705,0.0902149937297669,3686,1,36,,1963.7152211891898
1567,309,56,3.9658156647421423,2926,1,1,22376,0.943229565094676,4996,699575,0.0372425326331481,4084,0,121,,1543.248700255891
1568,456,275,4.674403098675195,1989,1,3,25659,0.7227058046488771,18619,428346,0.0834719555850502,2565,0,408,,1529.3559141941055
1569,492,90,3.61354816715441,4834,0,4,37955,0.8896935367964078,19787,639095,0.1754992040405348,605,0,325,,2081.4264514614088
1570,58,292,4.523896357128351,4750,0,1,85741,0.7361234607638116,10227,350981,0.0729062980160759,510,1,304,,2380.533313512924
1571,193,307,3.280900316778045,4340,1,3,96516,0.8963343149299688,17379,9131,0.0219033940929688,2107,0,349,,1919.1771191523237
1572,372,251,3.6141038319250174,813,1,1,45503,0.825317736347049,14301,19335,0.1922349692651085,2393,0,311,,1225.1950816189053
1573,410,121,3.891465326719466,1594,1,3,69344,0.9154309166313014,14755,632225,0.139328612705035,4325,1,225,,2334.9678702634546
1574,91,347,3.644639436286844,3556,1,4,91734,0.7156576607430803,1370,635534,0.1127627828681375,214,0,34,,2417.2620833362434
1575,172,250,3.774034231248368,3747,1,4,84676,0.8665248965441104,2742,323065,0.1675303958694352,4449,0,45,,2037.7049726633177
1576,283,236,4.640209489567396,1751,1,4,68158,0.7434633696640238,1392,83215,0.0881205288384482,322,1,422,,1616.5551343721538
1577,403,312,3.513351784284336,684,1,4,54105,0.904714489483142,604,773096,0.1971720008620131,2516,0,453,,1792.0595994973894
1578,74,321,4.4905623443091445,684,1,2,98436,0.7359866893935046,16719,152088,0.1729388831855865,2142,0,166,,2188.037481418662
1579,308,29,3.147424138223304,3422,0,5,23980,0.7220749968855777,3508,189177,0.0633035009146382,2811,1,168,,1282.6579605579564
1580,162,321,4.531478215030122,2270,1,2,36340,0.9139368394550836,126,452891,0.0804991175637515,260,0,262,,1490.3965657477183
1581,123,279,4.584046485659546,2455,1,2,71316,0.7190595803704847,18754,716489,0.0623911631977046,3831,1,397,,2612.533183341773
1582,267,76,3.803397551004964,4076,0,4,2187,0.7673592453794548,5575,995128,0.1352747601411653,714,0,368,,1833.079059151502
1583,218,112,4.444955646334941,84,1,2,50106,0.9474205591377016,16325,625869,0.1314730669028068,3909,1,348,,2182.6956540982583
1584,325,274,4.830276807490199,3772,0,1,85458,0.942906492342468,19210,960431,0.1092761159674162,2855,1,50,,3055.3604851467576
1585,172,79,4.601425947109053,1371,0,4,17767,0.9562377273342328,10461,652638,0.1935096711688379,4446,1,275,,1946.4287272999075
1586,415,165,3.78089302079392,4656,0,4,80330,0.7978299668766141,18534,848039,0.099732304753761,4894,0,459,,2543.085566795356
1587,57,251,3.9684270285601286,4776,0,3,41301,0.8584144086250628,19375,176771,0.1589072548973474,4227,0,366,,1773.7182896746135
1588,433,237,4.558715089571611,2510,1,1,86065,0.9320042057818456,2885,57329,0.1350380722635672,2287,1,489,,1676.20265831286
1589,34,332,3.585189179698247,1579,1,4,63520,0.7410956545033242,2931,669504,0.1084551386274869,2101,0,426,,2002.2314382937907
1590,373,41,4.607765480617747,1165,0,1,15801,0.9173172637647156,7398,975173,0.0179980703701656,3331,1,542,,1776.568393168158
1591,186,108,3.6561422851218826,907,1,3,73559,0.7292459048183964,11183,737241,0.134924054525825,3266,1,356,,2456.851397064542
1592,204,359,4.611981164771076,4996,1,3,5709,0.9739751825880604,15720,343848,0.1320930660124828,3961,0,354,,1508.0570268527858
1593,29,208,3.173600886701447,937,1,4,24397,0.8911930547534878,3664,489920,0.0337260589725841,2442,0,347,,1347.8131396928388
1594,357,91,3.0887945938211803,2232,1,5,88850,0.8479915938069267,3868,113098,0.1612238453185265,2340,0,180,,1708.547221491543
1595,99,106,4.995350894739644,2396,1,1,87612,0.8454187764001493,6128,341025,0.098728875854558,633,1,278,,2302.5078904748843
1596,336,124,4.738914246469378,3395,1,1,4729,0.7544086143534731,5427,683241,0.0715877427369136,886,0,126,,1497.3831824920655
1597,368,202,4.765695006932408,4213,1,3,38017,0.8037752117363961,18802,167388,0.1665522833107335,4117,0,275,,1664.8483211649134
1598,425,104,4.902559895213235,2789,1,5,9503,0.9181370995951448,7919,482136,0.0752404823045864,4946,0,115,,1379.266829658521
1599,359,227,3.876632618828976,3790,0,1,27186,0.8622830862563166,17365,290670,0.128151650343927,3028,1,309,,1643.015216830707
1600,164,163,3.5736711093603044,2833,1,3,96748,0.8587918612300789,1117,491321,0.1274038122767335,1753,1,573,,2309.414193954645
1601,374,223,3.2600499900358058,2184,0,3,19592,0.7585737683636737,2035,764064,0.0200331366889207,337,1,287,,1582.50127227898
1602,416,57,4.002418267076929,788,1,2,64181,0.9071086935861052,16072,884988,0.090338389809196,264,1,451,,2473.8744485858633
1603,172,227,3.4400966409532154,1043,1,4,80436,0.8176101703184051,4990,409991,0.0523279624870717,3400,1,280,,2021.5328431556457
1604,79,337,4.871101713478639,2162,1,2,88109,0.7548260015315602,1652,827348,0.0479184257612006,3226,0,546,,2321.424565950788
1605,447,50,3.0080063248855584,230,1,3,35481,0.9831354254788988,11890,703010,0.1344427588391698,1451,0,149,,1718.4792075293733
1606,91,120,3.286393475486243,1581,1,5,69717,0.8520396240596815,2945,921886,0.0121678991042932,984,1,505,,2431.5288176196555
1607,305,253,3.4929517061668536,2313,1,2,48391,0.8584109942537096,1227,740351,0.1941250058607543,392,1,443,,2045.883257308577
1608,133,225,3.39791342318639,2363,1,1,10822,0.9944115730644418,8122,551263,0.085124291140916,3427,1,536,,1516.0330603591888
1609,80,246,3.4515568731594204,4073,1,5,22359,0.809921841151148,11001,674496,0.0667726704045319,3052,1,105,,2117.3947913086467
1610,392,204,4.312095210122357,4838,0,2,74842,0.9829062053687349,10547,318338,0.1847951359881169,1699,1,540,,2132.709878575427
1611,88,249,3.655024156626298,3648,1,4,68640,0.908477608340644,11689,673864,0.1024677070003005,3674,1,547,,2480.4812458274127
1612,341,222,4.230048763806747,397,1,4,52157,0.88992868982344,472,709168,0.1267217977822027,4233,1,198,,1957.541152870248
1613,352,27,4.780515867292582,2043,1,3,78125,0.7703254905827441,5819,611197,0.1422116422410227,2610,1,386,,2342.910650892632
1614,48,274,4.2051135310514045,3649,1,1,69156,0.715526701716337,6869,103905,0.175568141962048,1348,0,364,,1743.3455707626742
1615,103,163,4.389065582572763,2973,1,5,34008,0.8313351514855416,5862,518903,0.0346509780652406,77,0,57,,1809.5535467932823
1616,401,19,3.7310065964427146,2288,0,4,29465,0.7030512885987175,11180,711170,0.0255141040274844,3987,0,329,,1620.5459926330145
1617,263,149,3.3194769352454183,2181,0,3,94513,0.721300753231115,4581,198618,0.1988050490236004,2905,0,405,,1792.826164805924
1618,78,159,3.641168124899812,2029,0,5,97186,0.8785980267083119,12639,787593,0.0116879223089533,1769,0,146,,2636.180687939229
1619,496,32,4.928565297408216,2895,1,4,3157,0.9173415499219082,18713,842960,0.1445570031868549,82,0,236,,1965.778306009136
1620,147,363,4.243622768906274,893,1,4,79096,0.750384499577283,13215,539186,0.126102418772138,4079,1,363,,2390.5709926867266
1621,21,81,3.5550222388680304,2587,1,1,13381,0.9197501238021322,7777,964299,0.1149846941247417,4635,1,559,,2048.884937468065
1622,463,121,3.901830534324208,1029,1,4,86136,0.9849177479784256,8694,857975,0.1593073122442177,2432,0,64,,2456.182825572765
1623,27,161,4.671026074861989,3404,0,2,58919,0.922952824217859,11705,467017,0.1985698600507371,1373,1,563,,2313.098397224374
1624,285,304,4.336887141411547,4323,1,1,68808,0.9354145658725098,14479,884439,0.0189083060838462,3117,1,495,,2581.1139100656633
1625,496,271,4.121305681458336,2538,1,2,70170,0.9102137740805116,6031,933305,0.1267607936022042,4361,0,512,,2152.5741281930605
1626,297,281,4.770325753267683,1937,1,1,60531,0.7674212321364253,768,109032,0.1461877570224196,2957,1,57,,1578.2536254758134
1627,300,87,4.34487914443358,4703,1,1,25143,0.8082669826467508,14053,997996,0.0681284681728735,109,1,353,,2416.542999893002
1628,206,308,4.285459461582191,3298,0,4,80738,0.9847800888309453,13230,5969,0.1796436631349769,1015,1,240,,2069.9843123890655
1629,80,303,3.379536274421536,2140,1,3,55451,0.8983631736910356,2028,486709,0.0968286398754452,531,0,553,,1678.390384024965
1630,294,169,3.212777366024816,143,1,2,54551,0.9367074201802216,12531,938031,0.0412509077708698,2085,0,452,,2034.766912231092
1631,450,199,4.930284234114798,79,1,1,31906,0.9906083856534031,1432,724631,0.172337485043857,2284,1,400,,1724.044645833922
1632,63,14,4.197716740200706,1107,0,4,1103,0.7694310761537997,12861,267505,0.1891558678806823,2700,0,45,,1337.3643001808139
1633,442,277,3.8313668182928575,1181,0,4,55453,0.796506000197966,14885,644146,0.0289078344900612,3805,0,528,,1746.1217434166783
1634,219,350,4.178041641820435,3606,0,3,34574,0.8934404958503499,310,215452,0.1528193647593651,606,0,309,,1279.4631977610713
1635,277,173,3.1236239221434308,2503,0,1,65966,0.7073072421352021,14533,238027,0.0508527016413917,4715,0,121,,1579.3917775625334
1636,99,197,4.644254547808213,4999,0,1,36515,0.8713657232001117,2408,911719,0.0112772213571141,1354,1,528,,2176.521037381621
1637,318,182,3.433291071128672,2702,0,1,97283,0.9426065138543496,5300,48042,0.0595166263482237,2629,0,545,,1477.6997186152964
1638,107,31,4.609092012635895,4515,0,1,68119,0.8831330121472375,14096,962233,0.1724328686919419,1093,1,313,,2980.8139084598424
1639,151,226,4.068756886527221,2761,0,5,45624,0.7886179851688332,7100,453901,0.0368249365889091,1809,1,407,,1865.7115473439526
1640,366,263,3.553144027313805,1790,1,2,70849,0.9172312250008186,19540,65690,0.0348270877697075,4171,0,377,,1509.3491333624095
1641,44,338,3.0604198964841407,3572,1,4,64856,0.7438094874039837,19145,787417,0.1504190641780297,270,1,202,,2849.2024692286313
1642,234,339,4.631666710653212,2247,0,5,62092,0.968432040783555,19738,49191,0.0872083313272812,2441,1,456,,1873.3024757103585
1643,305,180,3.352920282938613,1373,1,5,57846,0.7302745093121366,2086,325809,0.0382123537815743,2939,0,598,,1336.0738945861353
1644,83,350,3.103610231279747,2366,0,2,93194,0.9590473401287304,3525,241548,0.0537000715316126,2871,0,562,,1669.7109259134165
1645,161,193,4.511755461651761,3324,1,3,31823,0.8493428283208697,3662,784654,0.1609743657472648,1931,1,421,,2160.9370838554723
1646,184,234,3.7000864447459576,1877,0,3,43291,0.8285941010463405,11706,397290,0.1284210701110237,1920,0,235,,1657.7768136778081
1647,338,220,3.7786680111833,3520,0,1,25381,0.8501985281726294,8600,655146,0.1545764667876347,4550,1,547,,1744.6945722416756
1648,488,364,3.494135174561438,4903,0,4,56993,0.7600618909278763,14917,73095,0.0285769154077271,1242,1,558,,1566.8808485724444
1649,421,269,4.7183569573937945,2056,0,3,98788,0.8373056738676441,5641,695845,0.0970398137414453,2426,0,33,,2343.817710172578
1650,111,44,3.594659052213064,1476,0,2,60876,0.9549159447695976,3995,711166,0.1614501876484531,1853,0,222,,2037.7727370142445
1651,28,27,3.420385139502048,2010,0,3,20764,0.9402865726656398,12980,286455,0.0605006226650019,3838,1,344,,1533.1113078331682
1652,44,150,3.618499452672312,4191,0,4,92159,0.7489145603473988,12345,881397,0.0421459039914454,4039,1,359,,2921.8118062460626
1653,305,188,3.406299150334794,894,1,1,79048,0.9020262934387184,13812,470577,0.0825389398252665,4248,0,436,,1867.1930648353034
1654,95,244,3.635310441610415,4868,1,4,44069,0.9570511794896276,6241,667564,0.0733421950293683,470,1,322,,2254.6292856139235
1655,131,176,3.165872445736346,2069,0,5,14744,0.9459302765856428,10527,182522,0.0452398279876186,536,1,37,,1391.805586794887
1656,426,188,3.3170600582389165,4208,0,4,40325,0.8276897329891544,18567,932901,0.1912495358176891,1908,0,124,,2378.7110784349707
1657,439,336,3.834105766792296,3934,1,4,80454,0.7144278521038347,12223,247333,0.1017886968655336,2232,1,464,,2048.7339254781796
1658,422,122,4.758933711179752,3917,1,1,57753,0.9793508268921248,18649,626487,0.1255345076608856,361,1,425,,2426.221182274646
1659,141,180,3.114581493444572,4544,1,4,18654,0.8187655347544186,8668,90760,0.033010312662423,4473,0,401,,1072.1705183483896
1660,317,203,3.425349413520061,924,0,4,15939,0.8082929911769031,896,45689,0.1259066667449874,4490,1,281,,854.0108929974906
1661,313,171,4.816691351083192,2968,1,3,96718,0.9278544833436438,15207,127646,0.1155113117096081,2151,1,186,,2324.8708832108605
1662,108,353,4.780029348319843,495,1,3,44778,0.7791916646476067,9209,942848,0.1870665722768762,3858,0,205,,2276.6707214388007
1663,285,351,4.3589016665918825,1496,0,4,68630,0.9504243769501876,841,211302,0.0883401922036883,2847,0,422,,1396.287299401746
1664,272,187,3.480947108190476,202,1,1,36128,0.7228154682457947,2774,879691,0.1585917990904812,3302,1,317,,1925.825639217959
1665,210,165,3.839621122111572,3411,0,2,9102,0.9222133602148632,6257,580653,0.0677943859078031,4371,1,104,,1585.1140525958021
1666,380,215,3.42244198887593,3038,0,4,41252,0.9897368471324596,3819,89571,0.1199986677022973,505,1,257,,1354.1357882029051
1667,345,66,3.2571770182504065,3700,1,5,69348,0.998730639062252,13688,441769,0.1861243754763976,1201,1,499,,2317.74277151008
1668,275,156,3.759996789027783,881,1,2,33400,0.97714130801925,12223,479791,0.1287635490441903,2168,0,371,,1557.0615544430539
1669,368,79,4.1516432101407,1661,1,3,60401,0.9612287216218928,6592,267672,0.1451201499156366,4478,0,523,,1498.7950893568143
1670,386,53,3.71986535092961,3381,0,5,43866,0.783664067337319,1693,604507,0.1764370597884922,2979,1,319,,1925.364266231463
1671,292,35,4.22164910093194,4132,0,1,33820,0.9899945087889293,1570,861251,0.1858306290286719,2015,1,306,,2136.2518156179303
1672,148,214,3.592509470758611,4428,1,2,25576,0.978368978144306,18912,883849,0.0495722262885827,192,0,571,,2157.8690702920553
1673,384,1,3.69170105552158,368,1,1,26147,0.860311752107556,6900,525622,0.0472092260095452,2985,0,319,,1240.8655148797286
1674,364,236,4.581347183289219,2012,1,2,25645,0.8206232963181038,2145,893614,0.1145904641126693,1384,0,107,,1801.1360702415793
1675,492,158,4.756629461787716,53,1,4,71904,0.7327801760674564,14229,923186,0.1991481114982086,1673,1,259,,2688.709990510046
1676,91,134,3.644068163062104,4092,1,2,33799,0.8771902233475374,17399,88939,0.1031289414290481,4979,1,399,,1663.955011504422
1677,221,281,4.143031602690552,614,0,5,74162,0.9101637845566592,2439,635329,0.0728719429896511,2659,1,226,,2151.312542468003
1678,463,197,3.556324567784536,4110,0,5,31174,0.8211989749544587,18898,773508,0.1120796422372868,736,0,263,,2063.5948858582055
1679,266,267,3.1066692834148557,780,0,5,32787,0.8218088681891595,14492,16771,0.0222351970819833,293,1,527,,1196.9206327053932
1680,472,259,4.475714362720816,76,0,4,92431,0.8719934172142911,5040,603808,0.0436692863588836,1971,1,278,,2162.3566815238105
1681,25,12,3.342006966472301,4394,0,4,87635,0.7083352287721485,15509,913562,0.0382948792958368,373,1,203,,3083.2251718820953
1682,36,79,3.8514250474938345,2194,1,3,40130,0.9873597689160248,8398,268950,0.0153039535634998,2172,1,91,,1738.460825911975
1683,402,208,3.9740909867583136,2124,0,5,26955,0.7869717121290127,12706,857605,0.1472203375786039,2102,1,259,,2156.437077550905
1684,192,356,3.368943168358212,3233,1,1,71591,0.742267258530664,2538,933958,0.0718401637137464,4403,0,466,,2156.165303351941
1685,269,57,3.1891107013267925,1374,0,4,7079,0.7016465188403771,4884,635635,0.042021899135997,1708,0,200,,1257.0295775633008
1686,225,39,3.696026029342141,3453,1,1,45699,0.957067462415714,15468,629867,0.1073263163998684,1417,0,298,,2047.2000620930125
1687,215,343,4.904571815100637,2145,1,2,60026,0.9589622127399008,16105,535238,0.0714544371346923,3098,0,404,,2035.7130181119098
1688,470,352,4.230271179976842,1363,0,2,67610,0.728591981355313,218,409611,0.084673376451635,3213,1,558,,1559.3690568880725
1689,65,61,3.762820456805805,1974,0,4,10796,0.7456723908666403,4288,453473,0.0699510452417441,237,1,494,,1476.3061003559412
1690,390,147,3.0778216415484296,30,0,4,399,0.8343706693773304,12150,522863,0.0107568677281781,464,0,193,,1066.5825238127045
1691,447,229,4.200546562782163,1507,1,1,27738,0.7557112519198946,18116,482692,0.1407824842395957,879,0,123,,1642.852430906806
1692,335,72,3.184515281870745,2957,1,4,12012,0.920746341051027,13485,826228,0.0310311909594713,3896,1,412,,1879.3551664264405
1693,209,119,4.085088142095053,689,1,2,50767,0.7174119237117167,14132,769451,0.0516370554419641,1087,0,175,,2092.0703498256094
1694,96,144,4.503901016543486,592,1,1,91958,0.8649127997157597,7772,348244,0.0461602382771279,4963,0,253,,1930.7952665886528
1695,347,234,3.847170696589573,3279,0,3,28707,0.8148374695341712,1094,513628,0.0729597861447544,2230,0,89,,1380.6068163215507
1696,245,113,3.5988229896330486,2141,1,3,45425,0.8394839451076754,15318,216021,0.0404375591043076,4670,0,471,,1425.162308894688
1697,91,151,3.0947684676351974,683,0,2,21578,0.8274271353086805,15985,176848,0.0759209035957112,1271,1,121,,1429.9928279962087
1698,192,106,3.0495557503231936,3739,1,2,4493,0.7459477547603961,8865,369478,0.0562202257034694,2147,0,246,,1189.3697994269498
1699,481,277,3.8600531392910415,3877,1,5,70348,0.7660844455925686,10128,59119,0.021630871502758,731,1,261,,1723.6846720405172
1700,147,56,4.766690541405936,173,1,2,25714,0.7194423096731279,4701,854736,0.1754069656622675,4238,1,54,,2102.634502268968
1701,105,84,3.4881255575863808,1008,1,5,54745,0.7345856725897213,9052,127060,0.0680604103487551,3007,0,472,,1419.187053464437
1702,347,91,4.148111011563643,1851,1,5,68340,0.9933684467256744,4839,327223,0.0281036078115123,424,1,382,,1865.982007655804
1703,115,330,4.368611639359523,3656,1,2,83992,0.7839360435031756,8410,252189,0.1090900120009033,3732,0,338,,1968.4648547052327
1704,461,344,3.121659735002723,370,0,3,18638,0.7921076618018692,2680,207625,0.0334223484900726,4441,0,131,,642.7245552143938
1705,432,183,3.306200751606754,4027,0,4,58165,0.7381318991296363,12132,368366,0.1568877082768009,3442,1,60,,2012.4062694564304
1706,492,57,3.662553586839134,1597,1,3,91085,0.9265492613490254,4950,719540,0.0216998092155695,4051,1,61,,2314.441571836109
1707,458,276,4.340186348297141,626,0,3,48396,0.9772428430561846,14491,892523,0.0982808304894039,1417,0,386,,2033.4453501478686
1708,137,180,3.8780702244561938,4316,0,2,4157,0.9369251611199954,10354,189543,0.1893270027219979,2189,1,456,,1392.2103457537985
1709,121,310,4.468390136436491,433,0,1,26199,0.8837847488302515,17919,239848,0.0402041201950985,4279,1,483,,1436.9556151511147
1710,184,132,4.735195731146385,647,1,1,79494,0.9439698746831728,4423,470176,0.0482600486120446,3060,0,486,,1815.0987405159635
1711,245,364,4.516744553197086,4747,1,2,79227,0.8212690698798575,5458,320278,0.1240883331650909,3078,1,254,,2172.5213988898836
1712,442,294,4.984494414626498,2597,1,4,31517,0.9578492065242062,4860,800193,0.1961722736031145,3847,1,30,,2150.9264332480034
1713,372,82,4.508722137463299,2315,1,2,19767,0.9395556548914544,12615,223791,0.0833087921742628,3092,1,169,,1453.3796801011747
1714,329,265,4.704358390014901,3436,1,1,29247,0.7005173932768957,2137,403001,0.1332425676276692,675,0,478,,1362.9556446207007
1715,441,105,4.664732716930002,3151,1,2,24298,0.8463382404752551,13726,546196,0.0389402419285104,1103,0,465,,1568.186583395486
1716,330,128,4.460531524560093,3067,0,3,74122,0.7793849728237678,16380,382124,0.1318654553202174,3903,0,319,,2047.6472148501407
1717,201,92,4.603603633311781,116,1,2,84174,0.7258698749103086,13495,617469,0.0580057923414297,1248,1,43,,2518.7765180777765
1718,218,249,4.86936645573482,2758,1,2,4755,0.9538588128243324,2693,799702,0.1265246454233528,3344,0,472,,1546.9101184676229
1719,268,96,3.9504147570525854,1393,0,1,74145,0.7023849052903367,9860,532595,0.0268456295358857,2400,1,494,,2012.0254346973109
1720,62,233,4.276574047825087,4038,0,2,75270,0.919049050616608,10669,457380,0.1097441141240125,3120,0,159,,2192.3655965156354
1721,376,213,4.029879443145545,2526,1,2,61326,0.9964576362991558,7820,951904,0.0551069489879156,1227,0,488,,2174.853332039642
1722,333,274,4.702073974384146,618,1,5,87142,0.8446059300118707,9326,981792,0.1395246536325885,1586,0,394,,2631.3376492577004
1723,370,362,3.862719205743015,4431,0,5,3988,0.8113721589824303,15247,995382,0.1520572595429799,3455,1,536,,2142.7943542480834
1724,276,4,4.639453542289466,1421,0,2,70005,0.881749886342414,16692,17427,0.1711470808062855,899,0,387,,1674.1061543383378
1725,395,361,4.598709150114278,1357,1,1,12813,0.9414093482943016,6000,837558,0.1985551200946256,1577,0,81,,1691.8507709713829
1726,475,40,4.923772202737181,4681,1,1,89710,0.7720755981325836,6596,898827,0.097277408134114,4990,1,398,,2699.8973189311637
1727,293,192,3.4978413985148373,3875,1,2,50045,0.7752104287460608,4161,805490,0.1374129392693916,801,1,91,,2299.0624470979546
1728,233,125,4.419239019771824,4297,1,3,9177,0.882153404226054,8035,749808,0.0135005060879031,2909,1,177,,1899.8173803190411
1729,70,233,4.5138389952949725,3311,1,3,74659,0.9819639462562916,10916,366686,0.1819665363281801,800,1,527,,2383.850385211996
1730,393,263,4.872556985609331,4552,1,2,74946,0.789531992727629,14271,726271,0.12699119765043,3550,0,581,,2373.5344851611144
1731,453,314,4.813804836111062,576,0,2,46463,0.8130263989687039,5352,580203,0.090055546061915,679,0,300,,1541.8227203862768
1732,355,147,4.147051723416896,2999,0,2,31111,0.9979999904380868,4326,831640,0.0925194211245236,2891,0,195,,1763.4242211469066
1733,435,340,4.15830637172796,1466,1,3,1827,0.7528666495619547,664,352120,0.1540191728084751,2226,0,253,,899.1359046668467
1734,433,118,3.3345824568084588,1992,0,4,90805,0.7230904505125911,1877,742874,0.1683593006718199,3473,1,168,,2391.4960206433443
1735,403,75,4.949925404847543,1189,1,1,18508,0.8769265716641819,1031,784571,0.1635016984998218,65,0,356,,1571.2998367065952
1736,261,139,3.510034925406853,1025,0,3,84284,0.7072800965264898,4147,834029,0.1070110840789345,2604,1,270,,2421.3468197571005
1737,67,193,4.449472436902584,2212,0,4,58917,0.7541299693824468,13900,172659,0.080517861137926,2734,0,63,,1780.8694263577422
1738,21,244,4.591590009610625,4591,0,4,68551,0.8866627542071404,15484,863883,0.1896524786689517,1241,0,377,,2809.305944560999
1739,118,304,3.882431009222762,3176,0,3,69452,0.8978537202073998,19462,217455,0.1304979097063399,1526,1,396,,2185.139832811361
1740,226,82,3.422387440058116,1746,1,3,85823,0.8531275748942859,10901,937146,0.1132941477089001,3546,0,410,,2539.0422915731033
1741,376,111,3.377920768439373,2167,1,4,3439,0.815124413868815,9093,39655,0.1236805970853756,2784,0,568,,733.7920397111932
1742,238,342,4.712992001803183,2649,1,2,99119,0.8728592753265545,17987,224377,0.1296746365553937,2915,0,431,,2206.422401544861
1743,31,161,4.02151297349703,1222,0,3,4428,0.8930157259099716,2941,609330,0.1454838479803117,4680,1,415,,1521.7218344063779
1744,120,88,3.1802739640765334,2606,1,2,99906,0.9410446138874952,12605,543811,0.1151050920578215,2054,1,150,,2676.334817612837
1745,490,359,4.434038945525778,3479,0,3,26204,0.9378252484629542,16361,688849,0.1763175173469209,4351,0,294,,1821.3142024617428
1746,494,164,3.500342105610059,1215,0,1,84600,0.8994402296544843,10051,404159,0.173345700712006,4872,1,277,,1975.8584067198617
1747,201,359,4.752789501501758,2922,0,2,8441,0.9682697749685396,5228,4358,0.0940289714840391,2903,1,577,,949.8528016133206
1748,406,335,3.619143572059951,3541,0,1,46146,0.9514075760786256,12417,618063,0.0420218613038519,1098,1,300,,1937.6706768914396
1749,365,330,3.400541660180286,2596,0,2,54240,0.739973802465382,19912,511274,0.1195645856165091,2119,1,422,,2073.3345314761086
1750,467,212,3.1697168871098684,1459,0,3,95437,0.987003832397045,4718,509163,0.1279405092049246,280,1,338,,2149.044150502044
1751,446,291,4.023062273275295,2772,0,3,12457,0.967522690695376,11265,377497,0.1094421190512097,3506,1,62,,1446.6575468852357
1752,321,350,3.901475175636575,3966,1,5,3744,0.7962781538523879,1015,890628,0.1792097845220536,1404,0,563,,1650.7800381457641
1753,209,98,4.5026242892062855,1109,1,1,64857,0.7060553255821118,4652,792588,0.0276738488346295,4619,1,411,,2161.491242705568
1754,320,14,3.9292051743860728,2873,0,5,5019,0.8811927840274862,15341,182035,0.064609515918688,3282,1,161,,1351.5369989691364
1755,173,117,3.6876319378487423,3402,0,2,77744,0.8315252730599164,9920,39851,0.1745000708012975,2473,1,64,,1965.1412607591656
1756,187,232,3.5233098312658884,1607,0,4,3928,0.9248699987758396,3984,182179,0.188488529474219,973,1,563,,1099.3840676000027
1757,312,200,3.556293490939942,1937,1,4,97054,0.8573799293525868,6707,49517,0.090925764193488,541,1,205,,1950.4627830558547
1758,294,30,4.855695803655628,4444,1,5,53317,0.722947130575284,2419,709580,0.0466023565497782,3379,1,39,,2309.5444988847516
1759,298,205,3.3301572041756247,1817,0,1,94845,0.7734062260764327,15589,620588,0.0898626043368876,3842,1,380,,2433.64550001643
1760,204,64,4.9763528491143,2991,0,5,12752,0.9647571268379588,18857,463523,0.0966716246305858,1367,0,39,,1807.1833026124907
1761,216,185,3.6538389103844495,748,0,1,27409,0.711306908714515,2116,592047,0.1087181818508845,101,0,152,,1399.0724421468171
1762,24,210,3.176780470834995,4629,0,5,45542,0.9210009008194862,4758,808534,0.0621270852347607,1633,1,539,,2271.695349223
1763,308,232,3.49738076157573,2984,0,4,3038,0.7875830523854297,17140,831258,0.0693992073521962,3834,0,51,,1750.1049401442358
1764,296,151,3.1168287591092376,3801,0,3,10382,0.8357919409127491,17573,435088,0.1345616499557574,2922,1,458,,1636.4310740925469
1765,468,149,4.580059538327832,3013,1,2,33008,0.8593016295734826,15346,592674,0.1281408886893615,470,0,382,,1817.195316159891
1766,262,248,4.0251058250822105,1777,1,1,73730,0.7750244071921603,14300,577343,0.1357994778719135,618,0,204,,2198.795322390061
1767,244,273,3.673973237733602,1701,1,5,70877,0.8955881328992988,17227,949421,0.0816841468075404,577,1,192,,2840.3688434751484
1768,52,295,4.3240992092631245,3506,0,4,8772,0.9080326654293628,7469,761742,0.0739267993149795,3802,1,300,,1917.8632322274916
1769,114,122,4.26129305190064,4299,0,5,6074,0.7255178439012325,17899,315070,0.0767923478648583,3919,1,333,,1699.3542161541047
1770,182,155,4.87974417845518,638,0,4,65637,0.8121781227554261,17732,887055,0.190723532243037,2069,0,537,,2538.3230562151684
1771,201,121,4.922521033496759,4227,0,5,36035,0.9233131903618874,4595,398523,0.0850965695974213,3463,1,178,,1865.8922619746152
1772,194,193,4.361367551330811,4150,0,5,79233,0.9164912679523396,1460,757976,0.1251651553042058,153,0,366,,2383.281832330218
1773,209,47,4.635631854488337,545,0,3,29873,0.8633810031715717,10420,977696,0.1093402055616423,2831,1,421,,2215.257032110143
1774,389,157,4.584850200670357,540,0,4,36346,0.9333024339604042,15166,809123,0.1764821450389535,1397,0,37,,2092.6822666099324
1775,82,69,3.9826070653998,3475,0,2,22012,0.7322934679119529,16998,108416,0.080132192148101,4111,0,540,,1264.394530119455
1776,179,194,4.408916576066834,4214,1,4,26723,0.735463380353359,2849,206496,0.0924874444276723,2469,1,595,,1455.5284428019468
1777,98,310,3.1565180153671406,1969,1,4,70642,0.8972467900889034,7547,796108,0.1701309148686199,4264,1,79,,2563.9785798368275
1778,167,359,4.516042166300614,3203,1,3,47176,0.9080001603685386,15357,124223,0.0405819466656821,2836,1,179,,1791.1903633406725
1779,348,163,4.923666014384735,4998,0,4,65943,0.9443580565963212,1208,12557,0.1229159640963069,2314,0,478,,1422.4302705585797
1780,42,21,3.169949506251477,1613,0,2,7957,0.7543110633319771,14458,258831,0.0859825594523227,4737,1,491,,1306.4809404419648
1781,182,83,4.672231569183709,1125,1,4,53595,0.8550314978293315,5832,487026,0.1973003961957932,4981,0,118,,1903.3052247449648
1782,31,39,4.865960053298543,4958,1,3,45918,0.8982493891406746,448,129287,0.1470629821921177,2305,1,552,,1739.1913646873625
1783,478,277,3.452377779604124,1402,1,2,91086,0.7671098721487045,4838,154248,0.0120056899331643,1820,1,217,,1665.3491895735963
1784,369,359,4.049622375218408,2362,0,5,42405,0.8550783596781972,14836,339541,0.1695000410848623,3249,1,197,,1875.012943045085
1785,136,202,4.855716450925977,2210,1,1,10403,0.8915335073171788,17401,599262,0.1436041346744492,898,0,233,,1809.36194620848
1786,115,65,4.920452009045936,2616,1,4,69747,0.7643348534433041,1625,544888,0.1165825739607022,1962,1,412,,2277.810596181614
1787,67,8,3.2557647687046325,1343,1,2,15053,0.8126690230750424,9276,798371,0.0548644104180202,4237,1,147,,1895.6468768014279
1788,246,356,3.698008451110901,3395,1,2,90916,0.7649016430407124,4023,980765,0.0383701635774611,4489,0,339,,2451.2039762435006
1789,381,116,4.396289282301713,3459,0,1,38406,0.9708828713285796,13670,34009,0.1293959169430994,2107,1,72,,1523.5057544981746
1790,300,41,3.4431169987718606,1002,1,1,78474,0.7710396645789975,15613,688607,0.0935886518346151,1982,0,113,,2263.7239954399306
1791,442,65,3.649541257268962,2404,1,1,65622,0.736250387795739,19242,164608,0.1737078593239146,4378,1,468,,1858.170319485554
1792,185,93,3.0465821200093863,286,0,5,46540,0.7105465934581431,7098,361105,0.0598509783527575,1050,0,248,,1441.4822160366843
1793,153,239,3.307043361862398,1104,0,5,58449,0.713486041723405,5983,343267,0.1311287963607873,352,0,482,,1606.9493157348359
1794,249,325,4.124658988835487,4936,0,3,18353,0.7574758704900451,6196,701039,0.0572801769652133,410,0,450,,1644.5312080492645
1795,117,101,4.3061801326083655,2531,1,1,7496,0.8824625533920857,15223,256543,0.1309002450277248,599,0,598,,1303.72332724025
1796,488,251,4.297823662191674,3113,0,5,76653,0.7052949623533368,8901,894695,0.0191854820209855,4405,0,108,,2298.359916749675
1797,109,24,4.556720941556433,4443,1,4,95846,0.7860231774271441,455,383836,0.084424411094733,249,0,562,,2188.1562189599977
1798,249,4,3.830562827477583,3568,1,3,86205,0.7174500673969898,18952,815263,0.0428102670144927,1695,0,538,,2636.4993339760463
1799,270,20,3.546981432482311,3961,0,5,30575,0.8210976310897502,2082,951916,0.1251274592824601,3029,0,277,,1983.7799433636953
1800,47,337,3.03116140008505,3560,0,3,35866,0.7145730213489573,18563,511130,0.070178330103769,3065,0,107,,1884.9855459860937
1801,244,212,3.413259652104774,2494,1,2,35961,0.8822625329862483,3237,102104,0.1565911973585823,4167,0,106,,1144.6475219438262
1802,238,294,3.6247756244040743,3162,1,4,70285,0.9065272796557046,10762,701708,0.0317729284817034,4905,1,321,,2353.646986577255
1803,144,8,3.356413712960931,1442,0,3,62400,0.919401264893129,6248,423858,0.115680482714656,2043,0,36,,1801.4445972966241
1804,81,9,3.0402889429932047,4452,1,4,79668,0.7673030195938765,13735,339013,0.1227987939589144,1203,1,84,,2494.7761220331868
1805,41,309,3.314895217330383,899,0,4,94522,0.960550048588523,8059,457634,0.0141997789468125,498,1,332,,2269.8575889361514
1806,24,38,4.332199107135144,4420,1,5,39298,0.907086450199278,7346,300491,0.0168372850615947,4462,0,351,,1650.1348240565812
1807,251,57,4.259170832945191,4391,1,2,66302,0.7169950657899461,9540,281061,0.0685656327423235,1898,1,520,,1988.3266558021917
1808,63,189,4.871367278796085,711,1,1,50091,0.8322300126104281,19416,989659,0.1257243334882633,4497,1,585,,2645.020300325413
1809,480,221,4.596336582794619,3550,0,3,95481,0.9303269480117444,4906,279228,0.1928996990808192,1772,1,182,,2203.4668155193867
1810,137,84,4.135512233682382,4948,0,4,35465,0.7932681780160689,4394,459176,0.0272488668978459,3792,0,218,,1628.0308611971072
1811,333,162,3.2751126949864227,2860,1,5,18840,0.8144676321721794,1324,715037,0.143600926910053,3235,0,143,,1580.4725467161643
1812,343,246,4.128143637850314,1701,1,2,37945,0.8888811481889628,14772,221720,0.1416160632033276,3581,1,158,,1660.743101879215
1813,257,162,3.1231901218283618,4397,1,4,61919,0.7166442640347693,13550,618225,0.1372001062656606,3278,1,280,,2411.261476554153
1814,444,140,3.8617697948217056,2562,0,5,95341,0.9900805121523752,12175,895624,0.1080679948911183,1569,0,596,,2559.517708215385
1815,73,27,3.780517257894391,608,1,5,82905,0.7523443031829183,473,813019,0.1936969306159273,559,0,539,,2380.2370784277855
1816,132,165,3.855627618725883,1246,1,5,1934,0.708001599893878,15811,29537,0.1053372763128494,103,0,550,,1012.5291085241716
1817,141,293,3.559651836789574,3412,0,5,50951,0.701596894612126,16189,405668,0.1692764450478495,2129,0,287,,1991.2597326859202
1818,84,229,4.371660895247647,2276,1,4,15996,0.8198663124998187,18900,1269,0.0598789145461861,4462,0,404,,1191.0368518827659
1819,161,326,4.681888934597559,1083,0,2,36281,0.9652760096426132,18583,607104,0.1631986148683024,3230,0,441,,1910.3359471570038
1820,170,46,4.537033985197955,3995,1,3,94400,0.9459286237653788,5263,325822,0.1993436894483973,3387,1,168,,2488.3785410913033
1821,387,5,4.25550419158176,602,1,4,98477,0.9736137394749084,14207,893694,0.1829163376770144,1331,1,293,,2981.771303983831
1822,164,200,4.076689598666027,1095,1,2,15452,0.8601346957986696,8052,176361,0.0677736265628696,2456,1,343,,1226.0195654496154
1823,440,66,3.0621683600160607,2328,0,4,14184,0.8346238701625492,11919,851477,0.1707699204111959,2065,1,242,,1950.5145652136193
1824,390,217,4.445867997383843,197,1,3,69661,0.8157582928320384,6649,342953,0.0280988533754567,724,1,299,,1784.9579465664851
1825,452,330,4.089965879156995,1936,1,4,41151,0.7139254227373917,13140,920103,0.13876443632648,3087,0,281,,2109.7261139366487
1826,70,123,3.541482101327774,4549,1,3,43339,0.972856376891546,19055,200389,0.0750077842674704,1849,1,64,,2063.0367421575693
1827,492,201,3.655684077706884,4705,0,4,87350,0.8488528276854183,13044,269706,0.1351473170231636,2044,1,467,,2161.858088351291
1828,314,249,4.8712135729394825,4359,1,1,92067,0.836520229315453,18416,351686,0.0883273114400984,3004,0,543,,2247.2906100146715
1829,491,55,4.248724490234454,1619,0,4,90058,0.8545502461042351,18634,985435,0.0117162984668112,202,1,460,,2828.923592093041
1830,190,327,3.9518248693150566,324,1,5,78319,0.9382463554342602,2377,734205,0.0539425452691106,4684,0,562,,1985.6007967392634
1831,477,74,4.241843479416815,4074,1,5,98040,0.7673413257947691,19286,816573,0.01805338424308,1151,0,276,,2785.2700072780517
1832,302,295,3.827484649971314,1866,1,5,72014,0.912970203698477,16365,553355,0.0911812853319717,3412,0,61,,2213.6319036794002
1833,54,241,3.940364546406032,3744,1,2,88496,0.9132309222562098,8534,795012,0.1696135444783548,3891,1,182,,2874.134425671497
1834,216,52,3.5806185134153408,595,1,1,54083,0.9548658346774548,12001,627249,0.1502193842052649,812,0,516,,1906.1886332323738
1835,86,264,3.879706601183289,3339,1,4,5190,0.702605079539161,12341,667911,0.1598933153863725,1280,0,109,,1838.6984111046218
1836,471,72,4.371184464875821,2931,1,1,81664,0.7511186629705395,15727,837382,0.1633679332728985,2091,1,341,,2735.878515167031
1837,166,219,3.0798838501729384,4602,1,2,92983,0.8413140556134266,16056,983284,0.0806685597282603,4097,0,30,,2918.275047161202
1838,126,350,4.5900548145923095,509,0,4,31300,0.9551621162384436,2048,576247,0.1061448886037457,3197,0,214,,1522.42784768351
1839,285,347,3.565959081722625,2039,0,3,42873,0.9895350584883952,20,442121,0.1066057223162262,2361,1,94,,1603.7179773498028
1840,224,318,4.365119586864999,4949,1,4,57254,0.8784605844038204,4929,653478,0.0315096182178537,4254,0,94,,2064.7635605275154
1841,66,180,4.28545062936012,1948,0,4,65196,0.763640192626906,10540,741797,0.1236470032043721,2390,0,123,,2350.4433868840565
1842,411,204,4.3052560982826105,3290,1,1,67507,0.7553754087473936,16983,986350,0.1468341580100637,4435,0,336,,2537.110713799621
1843,425,110,4.216257832511606,804,0,4,39488,0.8918331861958801,13057,699112,0.1260838856315259,3864,1,423,,1970.8080652280848
1844,376,336,4.91820367613907,3642,0,3,85455,0.7630207441178214,2717,954596,0.1517335275948093,902,1,194,,2765.655327287842
1845,316,174,4.016688325390781,1378,1,3,81385,0.8659262271762658,14344,732356,0.0325893409437227,1947,0,496,,2254.093924819135
1846,213,281,4.464638231030703,2861,1,3,94232,0.9504435787431706,9363,951723,0.1546676998034936,174,0,253,,2857.195539776867
1847,280,131,4.410898662469156,4398,0,3,57634,0.816945894538627,7375,751713,0.0495466196400105,1230,1,450,,2299.5722251784655
1848,270,270,3.4725351545566605,3305,0,3,7838,0.8135416569225787,15433,885063,0.1765970963395112,161,1,331,,2128.4996865632183
1849,99,82,3.5666116783736515,2371,1,2,84569,0.710842101067322,5912,191565,0.0565369493466511,569,1,442,,1959.954878800036
1850,59,268,3.848034196313936,950,0,2,8041,0.7762253735273664,12373,992560,0.1034785529011836,71,0,587,,1834.074594231899
1851,141,17,3.5553958609264185,1706,0,1,19457,0.9094574378857824,3642,349702,0.1025805963647605,3375,1,596,,1264.4301039500192
1852,238,39,3.73348619785992,4246,1,2,28588,0.808117373539659,7631,797784,0.0610815608744825,2077,0,364,,1870.8921033187526
1853,96,129,3.781921227856612,1080,1,2,18579,0.7474896751869765,11156,392861,0.0787248210397229,2376,1,578,,1513.400959756041
1854,71,176,4.207729121876688,3281,1,3,72401,0.7317303201280981,12468,458563,0.0452633823243624,3833,1,429,,2298.6845129246303
1855,428,259,3.4397800854701237,2424,1,5,44093,0.7285160134452127,18386,748251,0.1183191325171243,4056,1,183,,2293.9278883679385
1856,199,131,4.608583731753375,1604,1,1,22010,0.8977400299353685,5806,541073,0.1834753248133612,2688,0,563,,1490.3657593163477
1857,300,7,3.875072713543009,3583,1,2,574,0.8837864436380646,17919,716531,0.0701554387487135,2315,0,112,,1731.6637775951124
1858,271,119,4.412488223366494,1810,0,1,21717,0.8555563016806255,16332,79959,0.1065318958565769,3267,0,296,,1129.4861658909933
1859,372,160,3.162884962481636,1433,0,5,69316,0.8500979344477417,7199,833532,0.1737573162626434,2103,0,117,,2224.7071158292665
1860,375,198,3.9399307882487338,2646,0,4,79449,0.7459410558063614,2801,409045,0.0959748189196397,2240,0,477,,1738.824246129152
1861,162,235,3.056439064354657,3788,1,2,29675,0.8501812674280261,5157,788730,0.1679394624070047,1529,1,540,,2044.0112714891425
1862,426,91,4.351819983631129,4320,1,3,7417,0.7179813329801139,13156,286242,0.0948142263822752,988,1,496,,1454.9827292233101
1863,198,223,3.687420153994139,3148,0,4,55774,0.9777575375808064,15775,596437,0.0936460686750659,1037,0,88,,2166.4775349322663
1864,420,230,4.898505628211657,3309,1,5,78311,0.717408266200782,12245,588675,0.0398755928140749,3293,0,184,,2244.04930870468
1865,214,283,3.648248429202839,3937,0,3,7093,0.8270590584681755,14499,140808,0.0337459766410566,4160,0,223,,1052.001754077416
1866,73,191,4.1276117960354535,1346,1,2,79574,0.7001713169209516,2033,474736,0.1261843814159526,2147,1,95,,2221.7876755398665
1867,384,296,3.5147751513892294,1254,0,4,17147,0.9358451316349734,10106,635819,0.1671933696889569,521,1,332,,1711.8743348064331
1868,34,81,4.24022525789468,2419,0,4,25864,0.749851056560689,17475,836324,0.0357272325015367,3070,0,49,,2163.716310425826
1869,390,260,3.934084700266469,3155,0,4,62323,0.9774748053465034,7780,887172,0.1829178497603276,4515,0,379,,2229.1738881360498
1870,40,17,3.7412565230112658,3229,0,1,5232,0.7131933243581693,17977,385130,0.0781871623542239,2661,1,357,,1634.009952282554
1871,119,38,3.40737869816036,768,1,4,30635,0.946236200369328,2475,643531,0.0907988692389561,183,0,369,,1609.8168438328535
1872,309,315,3.2230426879429106,3903,0,1,13974,0.8969913438446764,19574,175505,0.1799461463834445,455,0,550,,1247.417339808658
1873,471,173,3.2397582679133468,1818,0,5,21550,0.7749207156657671,15702,895730,0.1802963255610672,2635,1,478,,2070.6304956011795
1874,216,226,4.998080035011107,4386,1,5,77362,0.7607258827691784,12524,868210,0.1097231866131986,4314,0,178,,2745.7349761854503
1875,77,220,3.824621453714469,3621,0,3,22961,0.8073033800131066,12349,999053,0.0625853394461347,338,1,355,,2364.1355316934596
1876,131,253,3.003859415746679,4914,1,4,4445,0.9485208649526063,18726,486759,0.0426684997442534,3780,1,487,,1745.3406231907616
1877,450,90,4.905857581252029,3158,1,1,21560,0.9585869645006366,7537,359843,0.0616002090118038,3909,1,515,,1392.472811977996
1878,368,65,3.0399598484596253,2637,1,5,8766,0.7525856138572977,3298,758098,0.1583192055487737,305,0,396,,1530.3509517517034
1879,68,16,3.837172251109068,939,1,2,62322,0.8060344119052991,18375,723566,0.0716722524205934,1096,0,78,,2377.2351772348375
1880,204,315,4.434955171941311,1993,0,2,97286,0.7712474151706761,2055,212838,0.1419666775962716,69,1,277,,2068.9794101249113
1881,146,82,4.829198488743524,4291,1,4,16852,0.7367928542913693,13193,540418,0.0470881562331234,2851,0,519,,1727.3744824710493
1882,105,210,4.425772582864202,1910,1,5,72912,0.8939348162586784,5319,644157,0.1009156902108909,915,1,72,,2506.6948375927072
1883,426,166,3.927251509800024,266,1,3,36334,0.8037613069706606,18584,455516,0.0769001810511762,4586,1,366,,1726.5038689573748
1884,316,60,4.948884077968207,1225,1,3,7275,0.7676152134329002,19473,371807,0.1056863414308438,501,0,338,,1465.5372222985445
1885,106,151,3.0786387660665406,2976,0,3,68819,0.9597993320505928,9488,240627,0.1182896052748335,3263,0,157,,1765.8572477887153
1886,332,31,4.973784405076016,3145,0,2,21069,0.92449537927107,10665,412165,0.1982776432805446,3944,1,226,,1754.6291077240655
1887,218,65,4.698783103416877,4919,1,3,51415,0.9321283446089028,9092,246668,0.1809800589659484,932,1,587,,2015.5650297171123
1888,49,51,4.857860034252719,4669,1,5,50759,0.711758767354984,8504,301109,0.1422146307295962,1300,1,369,,2195.957493221604
1889,235,301,3.5095448481950733,2657,0,2,59768,0.97453913476932,18744,185787,0.0392112594007795,3993,0,565,,1526.0854126582958
1890,108,207,3.2849161445685398,2772,0,4,13580,0.8724215133922706,5742,376981,0.1846154257044515,509,0,298,,1371.05802278697
1891,137,337,4.3266305587454,4003,0,4,25165,0.8511408414053556,19195,631852,0.1795913534345199,2235,0,512,,2037.6671134882095
1892,441,159,4.03171887597224,243,0,5,73760,0.7031756038083343,13008,378277,0.1784736517141053,1287,1,383,,2059.5966413812503
1893,360,74,4.046335921488759,2975,0,4,93278,0.9692986631302314,19215,142911,0.1010132042270806,115,0,549,,2026.0577680815013
1894,84,222,4.849238356966435,2370,1,5,1271,0.8631671411458002,12241,801323,0.0424342751016008,2285,1,216,,2039.3035284638079
1895,428,339,4.240161813306525,3915,1,4,41446,0.9475460387021606,16377,431955,0.1533366108440951,2459,0,247,,1858.7222261720237
1896,295,194,3.62212767020918,4001,1,5,88151,0.8966532882214882,9799,584232,0.0838178574081804,1768,0,53,,2405.548927064604
1897,439,7,3.800133112835752,3277,0,4,28767,0.939008084053264,9248,523809,0.0754679750415246,4071,0,159,,1518.8061757794076
1898,378,111,3.2669916701837023,3286,1,5,44816,0.9078795245673408,5149,506777,0.0842485823862626,525,0,108,,1712.6373309405787
1899,182,337,3.384628080551378,3455,1,5,90442,0.976289170700748,4205,438796,0.1162234059185043,2178,1,134,,2381.6178741725453
1900,276,189,3.286700140419077,2900,1,5,96899,0.7676452559018648,753,755907,0.0733685778413902,943,0,205,,2373.216795992073
1901,274,347,4.620582682422709,1139,0,3,65563,0.7606300314198722,7668,855074,0.1410849160896425,3804,1,528,,2336.0098092621047
1902,365,186,4.409746935944238,1422,0,4,69444,0.9137624685835366,19754,903983,0.1330675211912959,2805,0,245,,2538.3193980736824
1903,139,5,4.060690035221704,3709,0,5,61433,0.8504184401750406,18765,443726,0.106683896627111,3542,0,501,,2147.99641817433
1904,179,318,3.7487356672551417,3091,1,2,28434,0.879748351100461,13804,341570,0.0202549140202441,582,1,494,,1642.3908480351106
1905,137,278,4.3369885806487005,1189,0,1,88684,0.912562740757368,7271,83749,0.1879431096505227,2311,1,589,,1867.157092380694
1906,162,261,4.625810695391522,4389,1,5,3503,0.8642284591000007,10407,443282,0.0882222937928741,300,1,319,,1763.1869679229271
1907,97,354,4.762466431343418,4903,0,4,5948,0.9363080342998588,15134,992207,0.0953961069143185,1650,0,513,,2148.9887161040942
1908,37,72,4.094032456412667,3130,1,3,60219,0.7956602067807557,40,260991,0.0966461773262014,4728,0,269,,1612.0714326083753
1909,471,330,4.6397702436394015,1138,0,4,83784,0.9576971330799076,18460,845138,0.0793553120653091,3646,0,390,,2424.244386720221
1910,55,85,4.02261190682539,4691,0,1,81442,0.7323029058776802,17408,756865,0.1381717030174218,437,0,492,,2690.229846864266
1911,446,354,3.949060178375782,1183,1,3,67818,0.890201193088356,19407,660383,0.0126443622065313,1876,1,111,,2318.0286596859037
1912,21,70,4.730863711244201,2162,1,2,37691,0.9670397522580392,1887,565709,0.1759665825690289,4360,0,62,,1842.923617113763
1913,393,201,3.772747872529328,4293,1,2,36063,0.7758082383705114,18953,756567,0.0294634148012164,891,1,123,,2284.2439067246305
1914,177,288,3.7918253580814048,2603,0,5,42622,0.7980504024771738,12269,99312,0.1999455982699153,3797,0,441,,1450.3673115094207
1915,268,29,3.609822690569832,1214,0,3,25709,0.7916325335478216,11101,129062,0.129335699543577,1638,1,300,,1339.6100820641448
1916,155,25,4.037403456589233,400,0,1,41972,0.8692791135325101,3590,196513,0.0225868300798899,2411,0,189,,1120.5026336915587
1917,255,310,4.089700067378922,1804,1,2,10570,0.8238615446695445,9837,766148,0.1168630412910997,4390,0,467,,1552.4423243042927
1918,236,22,4.3209222906209135,3360,0,2,32055,0.7323877854984707,7266,432627,0.0729484805684667,3379,0,38,,1550.7886306313092
1919,274,224,3.861004620219141,3573,0,5,94113,0.967386166526938,19752,208541,0.1910782123939844,1452,0,128,,2343.3012963990377
1920,208,342,3.4356745837671987,1114,1,2,70722,0.7614029887476021,6794,45839,0.1535394909085581,93,0,297,,1458.2149640129883
1921,277,224,4.733684124827752,793,0,2,14277,0.8602240032965589,4363,489487,0.1063327870432029,1213,1,551,,1379.6220171009777
1922,416,176,3.6920017344760288,3507,0,2,28698,0.8784414687811785,18927,399257,0.0916577059064201,2117,0,456,,1511.3178221773069
1923,228,152,4.845886839680349,795,0,1,26017,0.7122255530942625,3750,178804,0.1992150845000119,710,1,419,,1319.4214987898677
1924,193,233,3.4147066660529117,321,1,4,28239,0.7287136982963012,18089,24267,0.1368029761425445,4416,1,435,,1359.7606007534318
1925,83,209,4.120114952472461,2431,0,3,69141,0.9915069131288656,19263,754031,0.1076466510543357,323,1,208,,2764.6500909292054
1926,192,183,4.073230187058904,2854,0,3,89511,0.8993537020448147,6147,779551,0.0856093823098561,2726,1,285,,2607.4032845495835
1927,80,56,4.657295695853991,1218,0,2,71044,0.710069553113928,13783,246687,0.0716707429137067,4884,1,534,,1947.526519818833
1928,107,242,3.27770277350166,1056,1,4,48893,0.9382597661958996,15935,494208,0.1440296905223096,1708,1,445,,2117.5490562111827
1929,477,270,4.819874345834923,1178,1,1,16160,0.8525628427832457,10726,253955,0.1216982478321451,2707,0,371,,1053.9162834021608
1930,62,259,4.062856344344141,1714,0,5,14374,0.7225598716235426,13939,409463,0.1711551187077472,413,0,77,,1660.26199034959
1931,251,28,4.172218767828733,46,0,3,81431,0.9042256294143374,2640,110113,0.1151765374276411,3661,1,447,,1617.7713357888533
1932,420,256,4.020332586595535,58,0,2,67794,0.8498055417605406,10320,946314,0.120642964125044,4888,0,238,,2134.3581087012176
1933,477,266,3.0720498136725327,1852,1,3,51077,0.7614759403332769,10264,720885,0.1006977340202042,3876,1,249,,2006.2619317506624
1934,90,67,3.994181323613196,99,0,5,57761,0.963310681626646,11329,901164,0.1548979797953026,789,1,414,,2562.820141445571
1935,98,310,3.527099325353981,1591,0,1,84860,0.7874139574900763,18884,296548,0.0888485134587184,1793,0,254,,2033.8142877006132
1936,198,191,3.685376360755663,2904,0,3,81400,0.7853669906359924,16494,873025,0.1718685248986838,3631,0,356,,2642.4183215082157
1937,286,172,4.29820319837428,155,1,3,8819,0.7818320745376836,12057,518761,0.072138504619412,4004,0,37,,1353.0416508883666
1938,480,264,3.995394258948212,3089,1,5,39571,0.9302367331267154,8066,198935,0.1415987588123834,2046,0,135,,1407.4254339065042
1939,119,186,3.1864364253349207,3106,1,3,4378,0.9118356011141596,8092,332911,0.1796644708289339,4809,1,336,,1435.0209629857536
1940,98,199,3.146082549523518,2866,0,4,38541,0.9709437056411072,403,811712,0.156124034102263,1057,1,575,,2052.2344501878815
1941,141,114,3.3713153912347407,3133,0,4,63735,0.7688017658752839,11022,774926,0.0750955470780307,3721,0,463,,2192.4035813128
1942,439,338,3.3817702931444478,4046,0,5,20919,0.9359093786628424,5049,720513,0.1442044105606468,2507,0,268,,1609.3250304770058
1943,34,353,4.21660151394273,354,0,2,15087,0.8719136729584288,17722,227257,0.0493271147758949,3573,1,582,,1352.0126590657035
1944,202,48,3.3556289280910856,844,1,4,49144,0.7926038828958003,15472,648115,0.0210513650958437,3000,0,186,,1940.2652461072564
1945,77,267,4.763438846549541,1585,1,2,52542,0.7106362397223251,18256,940893,0.1603625305325216,2189,1,538,,2722.3384012189654
1946,95,9,3.419521321226826,3440,0,5,71438,0.945684264955333,19916,49707,0.1635217318940164,4086,1,259,,2153.26828581903
1947,460,135,3.182262890852765,4364,1,5,1509,0.7723214114540069,8001,322018,0.0143568783939635,4214,0,79,,1030.1631696695422
1948,20,354,4.751492032719294,4593,0,2,24873,0.8895229108644758,8567,81271,0.190081052635295,4095,0,31,,1434.7683576108186
1949,174,64,3.5906551521534658,2910,1,3,78014,0.8646603808179437,12161,104747,0.0947209671119821,489,1,588,,1962.1287212833226
1950,459,138,3.850845259667472,2050,1,5,68229,0.7013348615940351,8610,997803,0.1820017080127239,2144,0,396,,2431.623630614628
1951,311,80,4.918052768024885,2059,0,1,89963,0.9983030889819288,5584,241064,0.1597531598725323,3760,1,115,,2081.304376495825
1952,54,266,4.888738438315547,299,1,4,81495,0.9442988067400386,14142,180193,0.1811241702836553,4340,0,595,,1952.943534412586
1953,243,169,4.429833778529836,2325,1,5,83904,0.8459413811910046,9021,74866,0.168341370292243,1841,0,53,,1926.3180378912557
1954,486,216,3.1378779034651094,2564,0,5,51113,0.9041024110727148,18836,981025,0.1950591202214966,3715,0,220,,2385.040273317724
1955,212,344,4.1866802508227945,1041,0,1,95839,0.8429782709772318,4397,469269,0.1295291902423995,2851,1,456,,2157.2124707075513
1956,273,190,4.978155870084516,3839,1,4,41652,0.9233758813836191,8875,791585,0.0531791809399754,1141,0,60,,2186.3003367430047
1957,275,268,4.893832456847961,4059,0,4,90319,0.7402985637456682,10629,251000,0.0840169948392676,4470,0,546,,1973.927793857577
1958,337,36,3.212004985039885,1510,0,1,39245,0.8339052985702091,18156,641265,0.1528570572376254,2251,1,416,,2008.7275911894312
1959,109,79,3.791934606180737,4570,1,4,44457,0.8006611531218579,11564,886159,0.0398241629725816,3044,1,571,,2456.5942701505674
1960,423,345,3.631073491805679,535,1,4,68596,0.8378965730482104,1381,671462,0.1866700438740137,1477,1,507,,2036.1839475232198
1961,494,313,3.259456213809811,4553,1,5,39894,0.8351417958581092,6756,517611,0.0490029935894969,176,0,500,,1561.3142532856534
1962,88,240,4.389596622497522,3840,0,1,14795,0.7429281849337582,17721,211327,0.1764352002541259,2291,1,159,,1724.3780684676606
1963,412,138,3.547696728720473,1119,1,5,89628,0.9929465712127088,5442,234135,0.1019075495193316,3626,0,146,,1741.7326135864175
1964,412,73,3.689731606250596,3250,0,3,45347,0.7046476428364383,6812,597257,0.1697178281905547,1669,0,168,,1800.7368715732987
1965,375,311,3.180717753402836,1553,1,2,92701,0.7030218834452197,3020,451819,0.192076182520778,4648,1,117,,2128.4883042762526
1966,198,286,3.995935117557331,3998,1,2,39971,0.8120323955600973,14387,47400,0.0902080158943877,3763,0,408,,1363.8280439613966
1967,245,88,3.316335727304113,803,0,4,97286,0.8861129048040453,2790,196798,0.1423548627744016,3227,0,63,,1778.0525638516108
1968,422,215,3.864180847158978,1224,1,5,60330,0.7538959680444784,7356,432582,0.0530763446477768,4042,1,274,,1813.4712320490214
1969,93,226,3.286684444206603,1536,1,2,76854,0.8599582011712483,14229,179550,0.1621492861689223,4314,0,361,,1818.2675522622876
1970,417,174,4.907699779900291,998,1,5,75577,0.9168315903890436,17909,554388,0.1657858733637904,3620,1,337,,2481.773717343349
1971,461,338,3.289965066394285,1664,0,4,20278,0.7282181827120453,4432,301355,0.0660966837662312,4135,0,307,,888.467694836485
1972,347,46,4.043774307701266,3012,1,1,81567,0.99532672240478,6643,292231,0.014586744869431,3580,1,157,,1940.0462255687778
1973,183,94,3.3939596506379752,3165,0,3,94500,0.8010101943217882,2359,109193,0.0919289978381666,4313,1,92,,1918.9406629294792
1974,288,35,3.1527236069452185,2769,0,5,66147,0.8927246241361747,8757,503725,0.0423001015065902,563,0,593,,1817.0523425666627
1975,44,253,3.4046172376841963,948,0,1,94719,0.7332159574559727,19977,189458,0.1655247052510859,1753,1,294,,2313.29487821343
1976,467,235,3.1095482147808724,1012,1,1,84624,0.912845916616398,6084,630772,0.0596084828232596,4444,1,369,,2010.688262131422
1977,184,360,3.278794766241978,4596,1,1,66646,0.9521369041187456,5198,938108,0.1893016305838401,2397,0,353,,2412.3567385451356
1978,47,198,3.986968315526434,1256,1,3,47772,0.7315855426991866,7994,912321,0.1946437026046089,123,1,240,,2551.602022881083
1979,401,55,4.303631042115148,515,0,1,85742,0.7377589463110198,17920,667135,0.1826788255733877,4247,0,442,,2267.095597620892
1980,335,165,3.174679630143567,2269,1,5,18631,0.7843142243161683,10941,807643,0.1239267507641731,3295,1,244,,1988.089384298995
1981,318,33,3.8820372478085368,34,0,1,56161,0.7035807446125988,12183,921181,0.060811320757324,4556,0,266,,2014.837002696155
1982,45,245,4.162494045706704,1713,0,1,81591,0.9958153883011688,15610,682076,0.1633790988182768,130,1,487,,2666.231313062689
1983,380,246,3.468451352422123,4274,1,2,94418,0.879515222485795,14301,257590,0.1433031224295227,776,1,211,,2350.3682540869695
1984,325,313,3.7441568230320503,1336,1,4,26785,0.8822768349890636,11977,501333,0.1956619859395498,2576,0,428,,1576.6919239696663
1985,400,124,3.1436697394672173,3518,1,5,9484,0.9876886508954908,11218,857156,0.0816778813900852,948,0,409,,1743.4839532516069
1986,417,113,3.44026216046619,2449,0,2,33402,0.949608776295828,10664,668317,0.0211659198418668,2627,0,47,,1610.7975885130847
1987,121,26,3.93350585183788,1776,1,3,86409,0.9442728792905049,3616,362910,0.1996934024793998,1766,1,420,,2250.8621538240523
1988,121,152,4.980884357850645,3307,1,4,52430,0.8018507109704877,8286,169244,0.1692700914933863,1090,1,486,,1943.0154718527108
1989,463,174,4.992530125878266,2977,1,4,5644,0.8004590180393936,16941,145050,0.0520830407767243,3862,0,184,,1126.349323282444
1990,274,275,4.959243362248576,1591,0,1,12024,0.787521387943794,787,377650,0.1478692945209342,242,1,551,,1254.6417478920023
1991,230,275,3.846172772600655,1117,0,5,33976,0.804008728532896,16559,804902,0.0101311332623078,4381,1,41,,2155.2983025052044
1992,157,52,3.16136075682933,4584,1,5,34339,0.8108526284079551,11318,553046,0.1159837209978802,811,1,132,,2190.381400664231
1993,326,104,3.647146874498667,841,1,4,13619,0.742001106694178,6993,60590,0.0789392657903094,2922,1,569,,950.8115411019136
1994,381,187,3.475428750741955,4797,1,3,49465,0.806784358810628,2281,918517,0.0824532778351491,4958,1,517,,2172.357626379371
1995,21,122,3.028253149819709,2355,1,2,47965,0.8340241105734183,15277,405447,0.0564587631726944,610,0,460,,1786.2403952217571
1996,285,10,3.1904672205767506,4983,0,5,20010,0.7928042016239976,14,391199,0.0622205909703353,4637,0,374,,1188.453812442217
1997,496,308,3.906383870098132,1765,1,5,23301,0.7496040904472643,10860,819495,0.0963870461326687,1553,1,144,,1990.8074472181315
1998,154,267,3.6793249276085938,2827,0,3,66475,0.8120231194535492,3247,377578,0.0571475567407773,3718,1,308,,1846.7086246764654
1999,154,190,3.360707443268966,3076,1,4,95212,0.8442723319649308,18180,617567,0.0986235899051932,4292,0,352,,2565.5443350344894
